<?xml version="1.0" encoding="UTF-8"?>
<project-private xmlns="http://www.netbeans.org/ns/project-private/1">
    <editor-bookmarks xmlns="http://www.netbeans.org/ns/editor-bookmarks/2" lastBookmarkId="0"/>
    <open-files xmlns="http://www.netbeans.org/ns/projectui-open-files/2">
        <group>
            <file>file:/C:/Users/Trevor/Documents/NetBeansProjects/CardGameImplementation/src/CardGame/Rank.java</file>
            <file>file:/C:/Users/Trevor/Documents/NetBeansProjects/CardGameImplementation/src/CardGame/GameOfWar.java</file>
            <file>file:/C:/Users/Trevor/Documents/NetBeansProjects/CardGameImplementation/src/CardGame/DeckDriver.java</file>
            <file>file:/C:/Users/Trevor/Documents/NetBeansProjects/CardGameImplementation/src/CardGame/GroupOfCards.java</file>
            <file>file:/C:/Users/Trevor/Documents/NetBeansProjects/CardGameImplementation/src/CardGame/Hand.java</file>
            <file>file:/C:/Users/Trevor/Documents/NetBeansProjects/CardGameImplementation/src/CardGame/Card.java</file>
            <file>file:/C:/Users/Trevor/Documents/NetBeansProjects/CardGameImplementation/src/CardGame/Deck.java</file>
        </group>
    </open-files>
</project-private>
